"jobs.ac.uk - SearchFind a JobFind PhDsCareer AdvicePhDs by EmailRecruitersYour AccountFind a JobFind PhDsCareer AdvicePhDs by EmailYour AccountRecruitersPlease start typing and select a location from the listlocation modal trigger34 PhDs FoundClear AllPhDsUniversity of SouthamptonSearchSortWithin 0 miles Within 1 mile Within 2 miles Within 3 miles Within 5 miles Within 10 miles Within 15 miles Within 20 miles Within 30 miles Within 50 miles Within 150 miles Within 250 milesAcademic Discipline / Field of ExpertiseAgriculture, Food & Veterinary0Agriculture0Food Science0Forestry0Veterinary Science0Architecture, Building & Planning0Architecture & Building0Urban & Rural Planning0Biological Sciences4Biochemistry1Biology3Botany0Genetics0Microbiology0Molecular Biology & Biophysics1Other Biological Sciences2Zoology0Business & Management Studies0Accountancy & Finance0Business Studies0Hospitality & Leisure0Human Resources Management0Management0Marketing0Other Business & Management Studies0Real Estate Management0Computer Sciences10Artificial Intelligence5Computer Science8Information Systems0Software Engineering1Creative Arts & Design0Design0Fine Art0Music0Other Creative Arts0Performing Arts0Economics0Education Studies (inc. TEFL)0Education Studies0Research Methods0Teacher Training0TEFL/TESOL0Engineering & Technology25Aerospace Engineering3Biotechnology2Chemical Engineering1Civil Engineering6Electrical & Electronic Engineering13Maritime Technology0Mechanical Engineering12Metallurgy & Minerals Technology1Other Engineering6Production Engineering & Manufacturing0Health & Medical1Anatomy, Physiology & Pathology0Medical Technology1Medicine & Dentistry0Nursing0Nutrition0Pharmacology, Toxicology & Pharmacy0Historical & Philosophical Studies0Archaeology0History0History of Art0Philosophy0Theology & Religious Studies0Information Management & Librarianship0Curatorial Studies0Information Science0Librarianship0Other Information Management & Librarianship0Languages, Literature & Culture0Classics0Cultural Studies0Languages0Linguistics0Literature0Law0Mathematics & Statistics7Mathematics7Statistics1Media & Communications0Communication Studies0Journalism0Media Studies0Publishing0Physical & Environmental Sciences27Chemistry11Environmental Sciences2Geography1Geology0Materials Science20Ocean Sciences0Other Physical Sciences2Physics & Astronomy23Politics & Government0Psychology1Social Sciences & Social Care0Anthropology0Human & Social Geography0Other Social Sciences0Social Policy0Social Work0Sociology0Sport & Leisure0Sports & Leisure Management0Sports Coaching0Sports Science0Professional / Managerial / Support ServicesAdministrative0Finance0Fundraising & Alumni0Hospitality, Retail, Conferences & Events0Human Resources0International Activities0IT0Library Services & Information Management0Other0PR, Marketing, Sales & Communication0Property & Maintenance0Senior Management0Sports & Leisure0Student Services0PhDs and Masters StudentshipsMasters0PhDs34Qualification TypeIntegrated Masters / Doctorate0International Doctorate0PhD34Professional Doctorate0Funding TypeEU Students24International Students0Self-funded Students0UK Students34LocationAfrica0Algeria0Botswana0Cameroon0Côte d'Ivoire0Democratic Republic of the Congo0North-Kivu0Egypt0Cairo Governorate0El Nozha0Egypt Air Hospital0Ethiopia0Addis Ababa0Afar0Afar Zone 10Ethiopian Highlands0Harari0East Hararghe0Harar0Ghana0Greater Accra Region0Accra Metropolis0Accra0Kenya0Nairobi County0Libya0Malawi0Central Region0Lilongwe0Northern Region0Karonga0Southern Region0Blantyre0Mauritania0Nouakchott0Mauritius0Morocco0Rabat-Salé-Kénitra0Rabat0Mozambique0Maputo0Nigeria0Federal Capital Territory0Lagos0Ifako/Ijaye0Lagos - Ibadan Expressway0Oyo0Rwanda0Sierra Leone0Northern Province0Kambia0South Africa0Eastern Cape0Western District0Grahamstown0Gauteng0City of Johannesburg Metropolitan Municipality0Johannesburg0South Africa Drive0KwaZulu-Natal0Durban Metro0Durban0Western Cape0Cape Town0Cape Winelands0Stellenbosch0Tanzania0Kilimanjaro Region0Moshi Urban0Mwanza Region0Nyamagana0Mwanza0The Gambia0Banjul0North Bank Division0Upper Baddibu0Farafenni0Upper River0Fulladu East0Basse Santa Su0Zambia0Lusaka Province0Lusaka0Zimbabwe0Antarctica0Asia0Afghanistan0Bahrain0Capital Governorate0Central Governorate0Muharraq Governorate0Southern Governorate0Brunei0Brunei-Muara District0Mukim Berakas A0Gadong0Cambodia0Phnom Penh0China0Anhui0Beijing0Chongqing0Fujian0Gansu0Guangdong0Guangdong Province0Guangdong Sheng0Guizhou Sheng0Hainan0Hebei0Heilongjiang0Henan0Henan Sheng0Hubei0Hunan0Jiangsu0Jilin0Liaoning0Qinghai0Shaanxi0Shandong0Shanghai0Sichuan0Tianjin0Zhejiang0Zhejiang Sheng0Hong Kong0Hong Kong Island0Kowloon0New Territories0Sha Tin District0India0Assam0Chhattisgarh0Bastar0Durg0Charoda0Delhi0North West Delhi0Schengen Germany Belgium Italy Sweden Poland Norwa0Goa0Gujarat0Ahmedabad0Navrangpura0Karnataka0Bangalore Urban0Work From Home Jobs0Kerala0Thiruvananthapuram0Ladies hostel, centre for Development studies(cds)0Maharashtra0Mumbai0Pune0Nigdi0Tamil Nadu0Telangana0Ranga Reddy0Malaysian Township0Uttar Pradesh0Lucknow02260010Uttarakhand0Dehradun0West Bengal0Indonesia0Central Java0Kendal Regency0Iran0Iraq0Kurdistan Region0Erbil0Israel0Jerusalem District0Tel Aviv District0Japan0Akita0Chiba0Hiroshima0Hyogo0Kanagawa Prefecture0Niigata0Okinawa0Okinawa Prefecture0Kunigami District0Tancha0Osaka0Shizuoka0Tokyo0Yamanashi0Jordan0Amman Governorate0Kazakhstan0Almaty Province0Karasay District0Almaty0Kuwait0Kyrgyzstan0Naryn Region0Naryn District0Naryn0Lebanon0Beirut Governorate0Beirut0Macao0Macau0Malaysia0Federal Territory of Kuala Lumpur0Johor0Pulau Pinang0Putrajaya0Sarawak0Selangor0Myanmar (Burma)0Yangon Region0Nepal0Oman0Ad Dakhiliyah ‍Governorate0Al Batinah North Governorate0Muscat Governorate0Pakistan0Islamabad Capital Territory0Islamabad0Punjab0Amritsar0Lahore0Philippines0Metro Manila0Qatar0Al Khor0Al Rayyan Municipality0Doha0Russia0Samarskaya oblast'0Samara0World map0Tyumen Oblast0Gorod Tyumen'0Tyumen0Saudi Arabia0Eastern Province0Al Damam0Dammam0Makkah Province0Jiddah0Thuwal0Riyadh Province0Al Riyadh0Riyadh Gallery Mall0Singapore0South Korea0Daegu0Gwangju0Gyeonggi-do0Gyeongsangbuk-do0Seoul0Syria0Taiwan0Kaohsiung City0Tajikistan0Gorno-Badakhshan Autonomous Province0Shughnon0Khorog0Thailand0Bangkok0United Arab Emirates0Abu Dhabi0Al Gharbia0Eastern Region0Al Ain0Ajman0Dubai0Sharjah0Uzbekistan0Sirdaryo Region0Gulistan District0Gulistan0Tashkent Region0Vietnam0Hanoi0Hoàn Kiếm0Ho Chi Minh City0Hung Yen0Yemen0Europe34Albania0Tirana County0Tirana0Austria0Salzburg0Styria0Graz0Tyrol0Innsbruck0Upper Austria0Linz0Vienna0Belgium0Brussels0Flanders0Antwerp0East Flanders0Ghent0Flemish Brabant0Leuven0West Flanders0Kortrijk0Wallonia0Hainaut0Gosselies0Walloon Region0Liege0Bulgaria0Blagoevgrad Province0Croatia0Cyprus0Larnaca0Limassol0Nicosia0Paphos0Czechia0Prague0Hlavní město Praha0South Bohemian Region0České Budějovice District0Ceske Budejovice0South Moravian Region0Brno-City District0Brno0Denmark0Estonia0Harju County0Tartu County0Finland0France0Auvergne-Rhône-Alpes0Isere0Grenoble0Saint-Martin-d'Hères0Puy-de-Dome0Clermont-Ferrand0Rhône0Lyon0Brittany0Finistere0Saint-Martin-des-Champs0Grand Est0Bas-Rhin0Strasbourg0Meurthe-et-Moselle0Nancy0Hauts-de-France0Nord0Lille0Île-de-France0Paris0Nouvelle-Aquitaine0Gironde0Bordeaux0Talence0Pays de la Loire0Loire-Atlantique0Nantes0Provence-Alpes-Côte d'Azur0Alpes-Maritimes0Sophia Antipolis0Bouches-du-Rhone0Marseille0Salon-de-Provence0Var0Toulon0Germany0Baden-Württemberg0Freiburg0Freiburg im Breisgau0Konstanz0Karlsruhe0Eggenstein-Leopoldshafen0Heidelberg0Tübingen0Friedrichshafen0Ulm0Bavaria0Lower Bavaria0Pfarrkirchen0Middle Franconia0Erlangen0Nuremberg0Swabia0Kempten0Upper Bavaria0Forschungszentrum0Garching0Munich0Upper Franconia0Bayreuth0Kulmbach0Upper Palatinate0Regensburg0Bayern0Oberbayern0Neuherberg0Berlin0Brandenburg0Bremen0Hamburg0Hesse0Hessen0Lower Saxony0Mecklenburg-Vorpommern0North Rhine-Westphalia0Arnsberg0Bochum0Witten0Cologne0Bonn0Jülich0Detmold0Bielefeld0Paderborn0Düsseldorf0Duisburg0Essen0Kamp-Lintfort0Kleve0Münster0Rhineland-Palatinate0Darmstadt0Frankfurt0Friedberg0Hofheim(Ts)0Langen0Mainz0Saarland0Saxony0Chemnitz0Freiberg0Zwickau0Dresden Government Region0Dresden0Leipzig0Saxony-Anhalt0Schleswig-Holstein0Thuringia0Gibraltar0Greece0Guernsey0Forest0Hungary0Iceland0Ireland0County Carlow0County Cavan0County Cork0Cork0County Donegal0County Dublin0County Galway0Galway0County Kerry0County Kildare0County Limerick0County Louth0County Mayo0Mayo0County Meath0Meath0County Monaghan0County Offaly0County Sligo0County Tipperary0County Waterford0County Westmeath0County Wexford0Wexford0County Wicklow0Italy0Abruzzo0Province of L'Aquila0L'Aquila0Campania0Metropolitan City of Naples0Naples0Emilia-Romagna0Metropolitan City of Bologna0Bologna0Lazio0Metropolitan City of Rome0Rome0Liguria0Metropolitan City of Genoa0Genoa0Lombardy0Metropolitan City of Milan0Milan0Province of Pavia0Pavia0Province of Varese0Varese0Piedmont0Metropolitan City of Turin0Turin0Piemonte0Provincia del Verbano-Cusio-Ossola0San Domenico0Sicily0Province of Palermo0Palermo0Toscana0Città Metropolitana di Firenze0Fiesole0Trentino-Alto Adige0Alto Adige0Trentino-South Tyrol0Province of Bolzano0Bolzano0Province of Trento0Trento0South Tyrol0Trentino0Tuscany0Metropolitan City of Florence0Florence0Province of Lucca0Lucca0Province of Pisa0Pisa0Veneto0Metropolitan City of Venice0Venice0Province of Padua0Padua0Province of Verona0Verona0Jersey0St Helier0Lithuania0Utena County0Anykščiai municipality0Anykščiai0Luxembourg0Limpertsberg0Luxembourg City0Luxembourg District0Esch-sur-Alzette0Belval0Differdange0Malta0Netherlands0Friesland0Leeuwarden0Gelderland0Groesbeek0Germany-Netherlands border0Nijmegen0Wageningen0Groningen0Limburg0Heerlen0Maastricht0Sittard-Geleen0Venlo0North Brabant0Breda0Eindhoven0North Holland0Government of Amsterdam0Amsterdam0University of Amsterdam0Heemstede0Wijdemeren0Nederhorst den Berg0Overijssel0Enschede0South Holland0Delft0Government of Rotterdam0Rotterdam0Leiden0The Hague0Utrecht0Houten0De Haag0Norway0Agder0Hordaland0Oslo0Troms0Troms og Finnmark0Trondelag0Trøndelag0Vestland0Poland0Lower Silesian Voivodeship0Wrocław County0Wrocław0Masovian Voivodeship0Warszawa0Warsaw0Pomeranian Voivodeship0Gdańsk0Portugal0Braga0Castelo Branco0Lisbon0Porto District0Romania0Slovenia0Ljubljana0Spain0Andalusia0Seville0Aragon0Zaragoza0Balearic Islands0Basque Country0Biscay0Basauri0Bilbao0Leioa0Gipuzkoa0Donostia-San Sebastian0San Sebastián0Castile and León0Segovia0Catalonia0Barcelona0Anywhere Watersports Barcelona0Tarragona0Catalunya0Community of Madrid0Madrid0Embassy of the United States of America0Comunidad de Madrid0Euskadi0Bizkaia0Derio0Galicia0A Coruña0Santiago de Compostela0Navarre0Pamplona0País Vasco0Guipúzcoa0Arrona0Sweden0Norrbotten County0Örebro County0Östergötland County0Skåne County0Stockholm County0Stockholms län0Uppsala County0Västerbotten County0Västra Götaland County0Switzerland0Aargau0Brugg District0Brugg0Basel City0Basel-Stadt0Basel0Canton of Bern0Bern District0Bern0Fribourg0Sarine District0Geneva0Meyrin0Neuchâtel0Neuchâtel District0St. Gallen0Ticino0Lugano District0Lugano0Sorengo0Valais0Sion0Vaud0Lausanne District0Lausanne0Riviera-Pays-d'Enhaut District0Montreux0Zurich0Horgen District0Rüschlikon0Zürich District0Zurich HB Main Station0Turkey0Ankara0İstanbul0Ukraine0United Kingdom34Cymru0Caerdydd0CF15 8EZ0Pen-y-bont ar Ogwr0CF31 4EN0England34Bath and North East Somerset0BA1 3HH0BA1 3PE0BA2 5BG0BA3 4BS0Bath0Bath Spa Railway Station0BS31 2DA0BS39 7QE0Claverton Down0University of Bath0Bedford0Kempston0MK40 3FA0MK40 4SU0MK41 7SY0MK420MK43 7QU0Blackburn with Darwen0109 Old Gates Dr0BB30Blackburn0Darwen0Blackpool0FY5 3NB0Borough of Halton04 Kemberton Dr0Quay Place0WA7 4BS0Widnes0Bournemouth0Bracknell Forest0Bracknell0Crowthorne0GU470GU47 0XA0RG120RG12 2UR0RG42 4UT0Sandhurst0Brighton and Hove020 Preston Park Ave0BN1 4NS0BN1 7JL0BN3 5BN0BN3 5FQ0Brighton Railway Station0Goodwood Court0Grand Parade0Hove0Stanmer0University of Sussex0Bristol City0BS2 9UE0BS3 4LS0BS3 5DE0BS8 2JW0Buckinghamshire0Akeley0Amersham0Amersham Railway Station0Aylesbury0Beaconsfield0Buckingham0Burnham0Chalfont Saint Peter0Chesham0Gerrards Cross0Great Horwood0Great Missenden0Greenlands0Grendon Underwood0High Wycombe0HP10 0JD0HP11 1EJ0HP11 2TW0HP130HP14 4HY0HP16 0RA0HP18 9JP0HP22 4JF0HP22 6PF0HP60HP9 1SW0Marlow0Princes Risborough0SL8 5QH0SL9 0AW0Stowe0Swanbourne0Wingrave0Cambridgeshire0Babraham0Buckden Marina0Cambridge0Cambridge University0CB1 2HP0CB2 9EU0CB22 4RA0CB23 4NH0CB23 5JJ0CB240CB24 9JJ0CB4 3HF0CB6 1ET0CB7 5JH0Central Cambridge0Ely0Godmanchester0Great Abington0Hinxton0Huntingdon0Impington0March0PE15 9PD0PE19 6GW0PE19 7LX0PE270PE28 0RB0SG7 5RS0SG8 5QD0St Neots0University of Cambridge0Warboys0Wisbech0Central Bedfordshire0Biggleswade0Biggleswade Hospital0Central Avenue0Cranfield0Cranfield University0Dunstable0Flitwick0Langford0Leighton Buzzard0LU5 4JB0LU6 3PN0LU7 2SP0MK43 0HP0MK45 1HW0MK45 4LR0MK45 4SF0Old Warden0Sandy0SG180SG18 9DJ0SG18 9FB0SG18 9NX0SG19 1JH0Shefford0Cheshire East0Alderley0Alderley Edge0Alderley Park0Bollington0Congleton0Crewe0Crewe Hall0CW1 5QW0CW110CW12 4LQ0CW5 7AA0CW5 7DH0CW6 9QU0Damson Lane0Holmes Chapel0Jodrell Bank0Knutsford0Macclesfield0Macclesfield Forest0Middlewich0Nantwich0Nether Alderley0Rease Heath0Sandbach0SK10 5HT0SK10 5PT0SK10 5RE0SK12 1JG0SK12 1ST0SK12 1YS0SK12 2DN0SK9 3AA0SK9 7PQ0ST7 2PZ0ST7 2XG0ST7 3NL0Wilmslow0Cheshire West and Chester0CH1 3DN0CH3 6PW0CH3 9LA0CH64 3TF0CH65 8HG0Chester0Chester Medical School - Bache Hall0Chester Zoo0CW7 1SN0CW80CW8 2JD0CW8 2LA0CW8 4LX0Frodsham0Neston0Northwich0WA60WA6 6EA0WA6 6JB0Winsford0City of Bristol0Ashley Down0Bristol0Bristol Royal Infirmary0Bristol Temple Meads0BS10BS10 6PW0BS2 9YQ0BS5 6BT0BS7 9DQ0BS7 9PP0Hengrove0Cornwall0Bodmin0Callington0Camborne0Falmouth0Falmouth University0Fowey0Newquay0North Cornwall0Penryn0Penzance0Penzance Railway Station0PL11 3JA0PL12 6HE0PL15 8PW0PL18 9HW0Ponsanooth0Redruth0Saint Austell0Saint Columb Major0St Austell0TR100TR16 5DF0Truro0Wadebridge0County Durham0Barnard Castle0Bishop Auckland0Brasside0Chester-le-Street0DH10DH1 5AJ0DH1 5AS0DH2 1RH0DH6 1PP0DH70DL130DL13 1HL0DL13 2JG0DL14 8DX0DL16 7BZ0Durham0Durham University0Sedgefield0Shildon0SR7 9SA0Stanley0Cumbria0Ambleside0Barrow-in-Furness0Brampton0Broughton-in-Furness0Carlisle0Cleator Moor0Fusehill Street0Haverigg0Hawkshead0Kendal0Keswick0LA6 1LX0LA6 2SD0LA90Maryport0Milnthorpe0Moor Row0Newton Rigg0Penrith0Ulverston0University of Cumbria0Whitehaven0Windermere0Workington0Darlington0Darlington Memorial Hospital0DL3 9FB0Derby0DE24 0ER0DE24 8QX0DERBY HOSPITAL0Derbyshire018 Springdale0Alfreton0Bakewell0Belper0Borrowash0Breaston0Buxton0Chesterfield0DE11 0LR0DE11 9HA0DE11 9JX0DE11 9TF0DE12 6JE0DE40DE4 4AF0DE50DE56 0RX0DE56 4DN0DE6 1DR0DE65 6DW0DE65 6WR0DE7 4DA0DE7 4SF0DE7 6ES0DE7 6HE0DE7 8GW0Duffield0Foston0Glossop0Hazelwood0High Peak0Hope (Derbyshire)0Hope Valley0Matlock0NG10 1JW0NG10 3HG0NG10 3HJ0NG10 3PG0NG20 9RE0Repton0S32 1AN0S32 1DG0S32 2JN0S32 5PJ0S33 0BG0S400S42 7DR0S440Shardlow0SK13 2AL0SK13 6LH0SK13 7AU0SK17 7AB0SK17 8EL0SK17 9AN0SK23 6BQ0Swadlincote0Upper Langwith0Devon0Axminster0Barnstaple0Buckfastleigh0Dartington0Denbury0Devon & Cornwall Police HQ0DHL Parcel Exeter0Dunkeswell0EX140EX14 4RS0EX2 4LB0Exeter0Exeter University0Exmouth0Ivybridge0Newton Abbot0North Devon District0North Tawton0Okehampton0PL8 1NE0Sidmouth0South West Devon0Spreyton0Tavistock0Taw Green0Tiverton0Totnes0TQ10 9DS0TQ90University of Exeter0Dorset0Arts University Bournemouth0Beaminster0BH10BH1 3PU0BH110BH120BH140BH14 0QR0BH210BH23 1HQ0BH5 1EG0BH5 1LT0BH60BH80Blandford Forum0Bournemouth University, Talbot Campus0Bridport0Christchurch0Dorchester0DT10DT2 7HT0DT6 3BA0Ferndown0Hooke0Kingston Maurward0Ocean Heights0Shaftesbury0SP7 8LA0Wareham0Weymouth0East Riding of Yorkshire0Beverley0Brough0Driffield0Goole0Goole & District Hospital0HU14 3GD0Nafferton0YO43 3GA0East Sussex0Battle0BN21 3AG0BN22 0JS0BN250BN25 2AH0Crowborough0Eastbourne0Falmer0Hailsham0Hartfield0Hastings0Heathfield0Herstmonceux0Horam0Lewes0Netherfield0Oakhurst Drive0Plumpton0RH18 5JR0Ringmer0Saint Leonards0St Leonards On Sea0Sussex0TN210TN31 6EH0TN6 1BH0Uckfield0Essex0Basildon0Belchamp Saint Paul0Benfleet0Braintree0Brentwood0Chelmsford0Chelmsford Station0CM1 6GW0CM17 9EU0CM180CM2 6SB0CM9 8BQ0CO30CO5 9PY0CO7 7RH0CO7 9PZ0CO9 2PJ0Coggeshall0Colchester0Epping0Grays0Great Notley0Halstead0Harlow0Knowledge Gateway0Loughton0Maldon0Ongar0Saffron Walden0South Benfleet0Southend Airport0SS15 6AJ0SS15 6FU0SS5 6LR0Thurrock0Corringham0RM160RM16 6DF0RM20 3ED0RM20 4AY0Tiptree0Tollesbury0Waltham Abbey0Wickford0Witham0Writtle0Gloucestershire014 Ash Cl0Barnwood0Berkeley0Bishops Cleeve0Bourton-on-the-Water0Cheltenham0Cirencester0Dursley0Dymock0GL110GL11 4JB0GL11 5BJ0GL13 9NB0GL20GL2 2HW0GL20 5TF0GL30GL5 4TT0GL5 5BY0GL500GL50 3BB0GL50 3JF0GL50 3RL0GL510GL51 8AA0GL51 8PW0GL520GL52 5JU0GL52 8DS0GL54 2GA0GL54 2HQ0GL54 2LL0GL6 6BD0GL6 6SA0GL6 7RQ0GL6 9EH0GL7 1LA0Gloucester0Hartpury0Longlevens0Moreton-in-Marsh0Northleach0Pittville0Slimbridge0Stonehouse0Stroud0Tetbury0Tewkesbury0Tresham0Wotton-under-Edge0Greater London0100 Miles Dr0123 Studland Rd015H Green Dragon Ln022 Undercliff Rd023 Whytecliffe Rd S0Abbey Wood Station0Aldgate0Avery Hill0Barmeston Road0Barnet0Barnsbury0Battersea0Beckenham0Bedford Square0Belvedere0Bethnal Green0Bexleyheath0Bloomsbury0BR10BR20BR3 1HT0BR3 4DY0BR3 5EJ0BR4 9BX0BR70BR7 5ND0Brentford0Brixton0Bromley0Bromley Shopping Centre0Brook Green0Brunel University London0Buckingham Palace0Camberwell0Camden Town0Canada Water0Canary Wharf0Carshalton0Caulfield Road0Central London0Chadwell Heath0Chelsea0Chiswick0City of London0City of Westminster0Clapham Town0Colindale0Coulsdon0CR2 8NL0CR5 3BA0Cranford0Crouch End0Croydon0Croydon Road0Croydon University Hospital0Crystal Palace0DA14 4NS0DA14 4PF0DA14 6NZ0DA16 1EB0DA16 1SR0DA7 5QG0Dagenham0DHL Parcel Docklands0Docklands0E1 0QH0E1 3DR0E1 7QL0E10 5FF0E12 5AY0E13 9PN0E140E14 9LB0E14 9NB0E15 4AL0E16 2RD0E170E2 0HF0E2 0JZ0E4 6LH0E4 7EY0E4 8HD0E6 1AY0E6 6AR0E8 4JY0"
