"Jobs in United States by Bluegreen VacationsThis site uses cookies. To find out more, see our Cookies PolicyxThis site uses cookies. To find out more, see our Cookies PolicyToggle navigationcurrent bluegreen associatesour DNAfind your fitsales & marketingretail marketingresortbusiness supportbenefitsstudent internshipsall jobsjoin our talent networkToggle searchKeyword:{{keyword}}Location:{{$parent.googlePlacesAutocompleteEnabled ? location.description : location}}Locations (up to three): {{$item.description}} {{$parent.googlePlacesAutocompleteEnabled ? location.description : location}}Search JobsView All Jobsreturning candidate?Keyword:{{keyword}}Location:{{$parent.googlePlacesAutocompleteEnabled ? location.description : location}}Locations (up to three): {{$item.description}} {{$parent.googlePlacesAutocompleteEnabled ? location.description : location}}Search JobsView All Jobs returning candidate?Bluegreen VacationsAll JobsUnited States^corrected_spelling^^original_spelling^604 Jobs by Bluegreen Vacations604 Jobs sorted by:Title (Z-A)RelevanceTitle (A-Z)Title (Z-A)Company Name (A-Z)Company Name (Z-A)Date Posted (Newest to Oldest)Date Posted (Oldest to Newest)Distance (Furthest to Closest)Distance (Closest to Furthest)Sign up for job alert emailsDon't See What You're Looking For?Create an accountto receive job recommendations and notifications about new jobs that meet your skills.12...13>Distance Within {{radiusOption}} milesSort by {{sortByMethodOption.name}}Narrow SearchLocationWisconsin Dells, WI (83) >> Wisconsin Dells, WI (83) x Orlando, FL (26) >> Orlando, FL (26) x Branson, MO (22) >> Branson, MO (22) x New Orleans, LA (20) >> New Orleans, LA (20) x Lincoln, NH (19) >> Lincoln, NH (19) x Sevierville, TN (19) >> Sevierville, TN (19) x Pigeon Forge, TN (18) >> Pigeon Forge, TN (18) xGordonsville, VA (16) >> Gordonsville, VA (16) x Plymouth, NH (16) >> Plymouth, NH (16) x Myrtle Beach, SC (15) >> Myrtle Beach, SC (15) x Boca Raton, FL (12) >> Boca Raton, FL (12) x Gatlinburg, TN (12) >> Gatlinburg, TN (12) x Big Bear Lake, CA (11) >> Big Bear Lake, CA (11) x Daytona Beach, FL (10) >> Daytona Beach, FL (10) xView MoreCountryUnited States (604) >> United States (604) xView MoreJob TitleCompanyLocationDate PostedWelcome Center Representative ^company_name^Las Vegas, NV12/31/2020Welcome Center Representative ^company_name^Wisconsin Dells, WI12/28/2020Welcome Center Representative ^company_name^Sevierville, TN1/16/2021Welcome Center Coordinator ^company_name^St. Pete Beach, FL1/5/2021Van Driver ^company_name^Wisconsin Dells, WI1/17/2021Van Driver ^company_name^Charleston, SC1/11/2021Valet Attendant ^company_name^Miami Beach, FL12/28/2020Valet ^company_name^Miami Beach, FL12/28/2020Vacation Sales Representative - Base Pay Plus Commissions ^company_name^Charleston, WV12/31/2020Vacation Sales Representative - Base Pay Plus Commissions ^company_name^Columbus, OH12/31/2020Vacation Sales Representative - Base Pay Plus Commissions ^company_name^Harrisburg, PA12/31/2020Vacation Sales Representative - Base Pay Plus Commissions ^company_name^Hamburg, PA12/31/2020Vacation Sales Representative - Base Pay Plus Commission ^company_name^Baltimore, MD12/31/2020Vacation Sales Representative - Base Pay Plus Commission ^company_name^Newark, DE12/31/2020Vacation Sales Representative - Base Pay Plus Commission ^company_name^Wheeling, WV12/31/2020Vacation Sales Representative (Base Plus Commissions) ^company_name^Greenville, SC1/8/2021Vacation Sales Representative (Base Plus Commissions) ^company_name^Raleigh, NC1/7/2021Vacation Sales Representative (Base Plus Commissions) ^company_name^Acworth, GA12/23/2020Vacation Sales Representative (Base Plus Commissions) ^company_name^Garner, NC1/5/2021Vacation Sales Representative (Base Pay Plus Commissions) ^company_name^Richmond, VA1/11/2021Vacation Sales Representative (Base Pay Plus Commissions) ^company_name^Hampton, VA1/11/2021Vacation Sales Representative ( Chattanooga) ^company_name^Chattanooga, TN1/12/2021Vacation Sales Representative ( Cary) ^company_name^Cary, NC12/31/2020Vacation Sales Representative ( Atlanta) ^company_name^Duluth, GA12/31/2020Vacation Sales Representative ^company_name^Omaha, NE1/4/2021Vacation Sales Representative ^company_name^Charlotte, NC1/12/2021Vacation Sales Representative ^company_name^Oklahoma City, OK1/4/2021Vacation Sales Representative ^company_name^Tulsa, OK1/4/2021Vacation Sales Representative ^company_name^Lawrenceville, GA12/23/2020Vacation Club Contract Specialist ^company_name^Myrtle Beach, SC1/3/2021VP, Human Resources Business Partner ^company_name^Orlando, FL1/6/2021VP, Human Resources Business Partner ^company_name^Boca Raton, FL1/2/2021VP, Human Resources Business Partner ^company_name^Knoxville, TN1/6/2021Timeshare Sales Representative ^company_name^Peoria, AZ12/30/2020Timeshare Collections Specialist ^company_name^Boca Raton, FL1/19/2021Timeshare Collections Specialist ^company_name^Orlando, FL1/19/2021Timeshare Collections Specialist ^company_name^Work From Home1/19/2021Telesales Representative ^company_name^Draper, UT12/30/2020Swimming Pool Technician ^company_name^Wisconsin Dells, WI1/11/2021Staff Accountant - Sales and Marketing ^company_name^Boca Raton, FL1/7/2021Sous Chef ^company_name^Wisconsin Dells, WI1/12/2021Ski Valet ^company_name^Wisconsin Dells, WI1/11/2021Ski Rental Technician ^company_name^Wisconsin Dells, WI1/11/2021Ski Hill Associate ^company_name^Wisconsin Dells, WI1/11/2021Ski Chairlift Operator ^company_name^Wisconsin Dells, WI1/12/2021Server Bartender ^company_name^Wisconsin Dells, WI1/12/2021Senior Sales Manager ^company_name^St. Augustine, FL12/21/2020Senior Compensation Analyst ^company_name^Boca Raton, FL1/9/2021Sales Representative Harlingen ^company_name^Harlingen, TX12/29/2020Sales Representative - Tradewinds Resort ^company_name^St. Pete Beach, FL1/4/202112...13>No jobs found using the supplied criteria.NextInterested but not ready to apply? Join our talent network to receive updates on the latest job opportunities and company news.join our talent networkPrivacyLegalTerms of UseHelp/FAQsContact Us©2018 Bluegreen Vacations Unlimited, Inc. All rights reserved. 4960 Conference Way North, Suite 100, Boca Raton, FL 33431 United StatesAll trademarks, service marks, brand names and logos not owned by Bluegreen Vacations Corporation remain the property of their respective owners.At Bluegreen Vacations Corporation we are committed to ensuring that individuals with disabilities enjoy full access to our websites. In recognition of this commitment, we are in the process of making modifications to increase the accessibility and usability of this website, using the relevant portions of the Web Content Accessibility Guidelines 2.0 (WCAG 2.0) as our standard. Please be aware that our efforts are ongoing. If at any time you have difficulty using this website or with a particular web page or function on this site, please contact us by phone at 561.912.8000 or use the “Web Content Accessibility (ADA) “drop down option found here and we will make all reasonable efforts to assist you."
