"Bluegreen Vacations - ResortThis site uses cookies. To find out more, see our Cookies PolicyxThis site uses cookies. To find out more, see our Cookies PolicyToggle navigationcurrent bluegreen associatesour DNAfind your fitsales & marketingretail marketingresortbusiness supportbenefitsstudent internshipsall jobsjoin our talent networkKeyword:{{keyword}}Location:{{$parent.googlePlacesAutocompleteEnabled ? location.description : location}}Locations (up to three): {{$item.description}} {{$parent.googlePlacesAutocompleteEnabled ? location.description : location}}Search JobsView All Jobsreturning candidate?Keyword:{{keyword}}Location:{{$parent.googlePlacesAutocompleteEnabled ? location.description : location}}Locations (up to three): {{$item.description}} {{$parent.googlePlacesAutocompleteEnabled ? location.description : location}}Search JobsView All Jobs returning candidate?ResortsAs the “face” of the Bluegreen Vacations brand, our Resort Operations team ensures our owners and guests consistently experience the highest levels of hospitality and service, from Guest Services to Food & Beverage, Housekeeping, Management, Engineering and more.Bluegreen VacationsAll JobsUnited States590 Jobs by Bluegreen Vacations590 Jobs sorted by:RelevanceRelevanceTitle (A-Z)Title (Z-A)Company Name (A-Z)Company Name (Z-A)Date Posted (Newest to Oldest)Date Posted (Oldest to Newest)Distance (Furthest to Closest)Distance (Closest to Furthest)Sign up for job alert emailsDon't See What You're Looking For?Create an accountto receive job recommendations and notifications about new jobs that meet your skills.<1...9101112>Distance Within {{radiusOption}} milesSort by {{sortByMethodOption.name}}Narrow SearchLocationWisconsin Dells, WI (84) >> Wisconsin Dells, WI (84) x Branson, MO (27) >> Branson, MO (27) x Orlando, FL (26) >> Orlando, FL (26) x New Orleans, LA (22) >> New Orleans, LA (22) x Lincoln, NH (19) >> Lincoln, NH (19) x Gordonsville, VA (18) >> Gordonsville, VA (18) x Plymouth, NH (16) >> Plymouth, NH (16) xBoca Raton, FL (12) >> Boca Raton, FL (12) x Daytona Beach, FL (12) >> Daytona Beach, FL (12) x St. Augustine, FL (12) >> St. Augustine, FL (12) x Big Bear Lake, CA (11) >> Big Bear Lake, CA (11) x Gatlinburg, TN (10) >> Gatlinburg, TN (10) x Sevierville, TN (10) >> Sevierville, TN (10) x Myrtle Beach, SC (9) >> Myrtle Beach, SC (9) xView MoreJob TitleCompanyLocationDate PostedIn House Marketing Representative ^company_name^New Orleans, LA12/31/2020Front Line Sales Representative - Lodge Alley ^company_name^Charleston, SC1/12/2021In House Sales Representative ^company_name^Charleston, SC1/12/2021In-House Telemarketing Representative ^company_name^Myrtle Beach, SC1/3/2021Quality Assurance Specialist ^company_name^Boyne Falls, MI1/3/2021In House Marketing Representative ^company_name^Wisconsin Dells, WI12/31/2020Welcome Center Representative ^company_name^Sevierville, TN1/16/2021In House Marketing Supervisor ^company_name^New Orleans, LA1/18/2021Sales Representative ^company_name^New Orleans, LA1/5/2021Welcome Center Representative ^company_name^Las Vegas, NV12/31/2020Marketing Representative (OPC) ^company_name^New Orleans, LA1/13/2021Quality Assurance Specialist ^company_name^New Orleans, LA1/18/2021Quality Assurance Specialist ^company_name^St. Petersburg, FL1/22/2021Quality Assurance Specialist ^company_name^Daytona Beach, FL1/20/2021In House Marketing Supervisor ^company_name^New Orleans, LA1/25/2021In House Sales Representative ^company_name^New Orleans, LA1/5/2021In-House Marketing Representative ^company_name^Charleston, SC1/25/2021Sales Representative ^company_name^Foxborough, MA12/30/2020Sales Representative ^company_name^Katy, TX12/30/2020Sales Representative ^company_name^Dundee, MI12/30/2020Sales Manager ^company_name^Scarborough, ME1/21/2021Sales Representative ^company_name^Peoria, IL12/30/2020Sales Representative ^company_name^Bridgeport, CT12/30/2020Sales Representative ^company_name^Detroit, MI12/30/2020Sales Representative ^company_name^Hoffman Estates, IL12/28/2020Sales Representative ^company_name^Rossford, OH12/30/2020Sales Representative ^company_name^Richfield, WI1/4/2021Sales Representative ^company_name^Olathe, KS12/30/2020Sales Representative ^company_name^Bolingbrook, IL12/30/2020Referral Marketing - Outbound Vacations Sales Associate ^company_name^Orlando, FL1/14/2021Referral Marketing - Outbound Vacation Sales Associate ^company_name^Orlando, FL1/21/2021Sales Representative - Part-Time - Bilingual ^company_name^Manteca, CA12/30/2020Sales Representative ^company_name^Kansas City, KS12/30/2020Choice - Call Transfer Assoc-AM ^company_name^Orlando, FL1/19/2021Confirmation Associate ^company_name^Orlando, FL1/16/2021Sales Representative (Base Plus Commission) ^company_name^Chattanooga, TN1/17/2021Activations - Travel Consultant - Activations ^company_name^Orlando, FL1/13/2021Chesterfield Cabelas - BG Vac Sales Rep ^company_name^Chesterfield Township, MI1/22/2021West Chester Cabelas - BG Vac Sales Rep ^company_name^West Chester Township, OH1/22/2021Sales Representative ^company_name^Grandville, MI12/30/2020Vacation Sales Representative (Base Plus Commissions) ^company_name^Acworth, GA1/23/2021Sales Representative ^company_name^Hooksett, NH12/30/2020Sales Representative ^company_name^Cincinnati, OH12/30/2020Sales Representative ^company_name^East Hartford, CT12/30/2020Sales Manager ^company_name^Noblesville, IN1/14/2021Sales Representative ^company_name^Denham Springs, LA1/4/2021Sales Representative ^company_name^League City, TX1/7/2021Sales Representative ^company_name^Fort Worth, TX12/29/2020Sales Representative ^company_name^Pearland, TX12/30/2020Ckeektowaga Cabelas - BG Vac Sales Rep ^company_name^Cheektowaga, NY1/25/2021<1...9101112>No jobs found using the supplied criteria.BackNextInterested but not ready to apply? Join our talent network to receive updates on the latest job opportunities and company news.join our talent networkPrivacyLegalTerms of UseHelp/FAQsContact Us©2018 Bluegreen Vacations Unlimited, Inc. All rights reserved. 4960 Conference Way North, Suite 100, Boca Raton, FL 33431 United StatesAll trademarks, service marks, brand names and logos not owned by Bluegreen Vacations Corporation remain the property of their respective owners.At Bluegreen Vacations Corporation we are committed to ensuring that individuals with disabilities enjoy full access to our websites. In recognition of this commitment, we are in the process of making modifications to increase the accessibility and usability of this website, using the relevant portions of the Web Content Accessibility Guidelines 2.0 (WCAG 2.0) as our standard. Please be aware that our efforts are ongoing. If at any time you have difficulty using this website or with a particular web page or function on this site, please contact us by phone at 561.912.8000 or use the “Web Content Accessibility (ADA) “drop down option found here and we will make all reasonable efforts to assist you."
